<?xml version="1.0" encoding="UTF-8"?><ImplementationGuide xmlns="http://hl7.org/fhir"><id value="hl7.fhir.us.patient-reported-outcomes"/><text><status value="generated"/><div xmlns="http://www.w3.org/1999/xhtml"><h2>PatientReportedOutcomes</h2><p>The official URL for this implementation guide is: </p><pre>http://hl7.org/fhir/us/patient-reported-outcomes/ImplementationGuide/hl7.fhir.us.patient-reported-outcomes</pre></div></text><url value="http://hl7.org/fhir/us/patient-reported-outcomes/ImplementationGuide/hl7.fhir.us.patient-reported-outcomes"/><version value="0.2.0"/><name value="PatientReportedOutcomes"/><title value="Patient Reported Outcomes"/><status value="draft"/><date value="2019-12-30T14:40:17+11:00"/><publisher value="HL7 International - FHIR Infrastructure Work Group"/><contact><telecom><system value="other"/><value value="http://hl7.org/Special/committees/fiwg"/></telecom></contact><copyright value="Used by permission of HL7, all rights reserved Creative Commons License"/><packageId value="hl7.fhir.us.patient-reported-outcomes"/><license value="CC0-1.0"/><fhirVersion value="4.0.0"/><dependsOn><uri value="http://hl7.org/fhir/uv/sdc"/><packageId value="hl7.fhir.uv.sdc"/><version value="2.8.0"/></dependsOn><dependsOn><uri value="http://hl7.org/fhir/us/core"/><packageId value="hl7.fhir.us.core"/><version value="3.1.0"/></dependsOn><definition><resource><extension url="http://hl7.org/fhir/StructureDefinition/implementationguide-page"><valueUri value="CapabilityStatement-server.html"/></extension><reference><reference value="CapabilityStatement/server"/></reference><exampleBoolean value="false"/></resource><page><nameUrl value="index.md"/><title value="PRO Homepage"/><generation value="markdown"/></page></definition></ImplementationGuide>