{"resourceType":"ImplementationGuide","id":"hl7.fhir.us.patient-reported-outcomes","text":{"status":"generated","div":"<div xmlns=\"http://www.w3.org/1999/xhtml\"><h2>PatientReportedOutcomes</h2><p>The official URL for this implementation guide is: </p><pre>http://hl7.org/fhir/us/patient-reported-outcomes/ImplementationGuide/hl7.fhir.us.patient-reported-outcomes</pre></div>"},"url":"http://hl7.org/fhir/us/patient-reported-outcomes/ImplementationGuide/hl7.fhir.us.patient-reported-outcomes","version":"0.2.0","name":"PatientReportedOutcomes","status":"draft","date":"2019-12-31T07:00:54+11:00","publisher":"HL7 International - FHIR Infrastructure Work Group","contact":[{"telecom":[{"system":"other","value":"http://hl7.org/Special/committees/fiwg"}]}],"copyright":"Used by permission of HL7, all rights reserved Creative Commons License","fhirVersion":"4.0.0","dependency":[{"extension":[{"url":"http://hl7.org/fhir/4.0/StructureDefinition/extension-ImplementationGuide.dependsOn.packageId","valueId":"hl7.fhir.uv.sdc"},{"url":"http://hl7.org/fhir/4.0/StructureDefinition/extension-ImplementationGuide.dependsOn.version","valueString":"current"}],"type":"reference","uri":"http://hl7.org/fhir/uv/sdc"},{"extension":[{"url":"http://hl7.org/fhir/4.0/StructureDefinition/extension-ImplementationGuide.dependsOn.packageId","valueId":"hl7.fhir.us.core"},{"url":"http://hl7.org/fhir/4.0/StructureDefinition/extension-ImplementationGuide.dependsOn.version","valueString":"current"}],"type":"reference","uri":"http://hl7.org/fhir/us/core"}],"page":{"source":"index.md","title":"PRO Homepage","kind":"resource"}}