{"resourceType":"ImplementationGuide","id":"hl7.fhir.us.patient-reported-outcomes-21cfr11","text":{"status":"generated","div":"<div xmlns=\"http://www.w3.org/1999/xhtml\"><h2>PatientReportedOutcomes21CFR11</h2><p>The official URL for this implementation guide is: </p><pre>http://hl7.org/fhir/us/patient-reported-outcomes/ImplementationGuide/hl7.fhir.us.patient-reported-outcomes-21cfr11</pre></div>"},"url":"http://hl7.org/fhir/us/patient-reported-outcomes/ImplementationGuide/hl7.fhir.us.patient-reported-outcomes-21cfr11","version":"0.0.1","name":"PatientReportedOutcomes21CFR11","status":"draft","date":"2020-01-29T09:37:57+11:00","publisher":"HL7 International - FHIR Infrastructure Work Group","contact":[{"telecom":[{"system":"other","value":"http://hl7.org/Special/committees/fiwg"}]}],"copyright":"Used by permission of HL7, all rights reserved Creative Commons License","fhirVersion":"4.0.1","dependency":[{"extension":[{"url":"http://hl7.org/fhir/4.0/StructureDefinition/extension-ImplementationGuide.dependsOn.packageId","valueId":"hl7.fhir.uv.sdc"},{"url":"http://hl7.org/fhir/4.0/StructureDefinition/extension-ImplementationGuide.dependsOn.version","valueString":"current"}],"type":"reference","uri":"http://hl7.org/fhir/uv/sdc"},{"extension":[{"url":"http://hl7.org/fhir/4.0/StructureDefinition/extension-ImplementationGuide.dependsOn.packageId","valueId":"hl7.fhir.us.core"},{"url":"http://hl7.org/fhir/4.0/StructureDefinition/extension-ImplementationGuide.dependsOn.version","valueString":"current"}],"type":"reference","uri":"http://hl7.org/fhir/us/core"}],"page":{"source":"index.md","title":"PRO 21CFR11 Homepage","kind":"resource"}}