{"resourceType":"ImplementationGuide","id":"hl7.fhir.us.patient-reported-outcomes-21cfr11","text":{"status":"generated","div":"<div xmlns=\"http://www.w3.org/1999/xhtml\"><h2>PatientReportedOutcomes21CFR11</h2><p>The official URL for this implementation guide is: </p><pre>https://chb.github.io/21cfr11pro-ig//ImplementationGuide/hl7.fhir.us.patient-reported-outcomes-21cfr11</pre></div>"},"url":"https://chb.github.io/21cfr11pro-ig//ImplementationGuide/hl7.fhir.us.patient-reported-outcomes-21cfr11","version":"0.2.1","name":"PatientReportedOutcomes21CFR11","status":"draft","date":"2020-06-03T14:48:38+10:00","publisher":"Boston Children's Hospital - Computational Health Informatics Program (CHIP)","contact":[{"telecom":[{"system":"other","value":"https://www.childrenshospital.org/chip"}]}],"copyright":"Used by permission of BCH-CHIP, all rights reserved Creative Commons License","fhirVersion":"4.0.1","dependency":[{"extension":[{"url":"http://hl7.org/fhir/4.0/StructureDefinition/extension-ImplementationGuide.dependsOn.packageId","valueId":"hl7.fhir.uv.sdc"},{"url":"http://hl7.org/fhir/4.0/StructureDefinition/extension-ImplementationGuide.dependsOn.version","valueString":"current"}],"type":"reference","uri":"http://hl7.org/fhir/uv/sdc"},{"extension":[{"url":"http://hl7.org/fhir/4.0/StructureDefinition/extension-ImplementationGuide.dependsOn.packageId","valueId":"hl7.fhir.us.core"},{"url":"http://hl7.org/fhir/4.0/StructureDefinition/extension-ImplementationGuide.dependsOn.version","valueString":"current"}],"type":"reference","uri":"http://hl7.org/fhir/us/core"}],"page":{"source":"index.md","title":"PRO 21CFR11 Homepage","kind":"resource"}}