<?xml version="1.0" encoding="UTF-8"?>

<ImplementationGuide xmlns="http://hl7.org/fhir">
  <id value="hl7.fhir.us.patient-reported-outcomes-21cfr11"/>
  <text>
    <status value="generated"/><div xmlns="http://www.w3.org/1999/xhtml"><h2>PatientReportedOutcomes21CFR11</h2><p>The official URL for this implementation guide is: </p><pre>https://chb.github.io/21cfr11pro-ig//ImplementationGuide/hl7.fhir.us.patient-reported-outcomes-21cfr11</pre></div>
  </text>
  <url value="https://chb.github.io/21cfr11pro-ig//ImplementationGuide/hl7.fhir.us.patient-reported-outcomes-21cfr11"/>
  <version value="0.2.1"/>
  <name value="PatientReportedOutcomes21CFR11"/>
  <title value="Patient Reported Outcomes 21 CFR Part 11 Extension"/>
  <status value="draft"/>
  <date value="2020-05-20T09:30:40+10:00"/>
  <publisher value="Boston Children&#39;s Hospital - Computational Health Informatics Program (CHIP)"/>
  <contact>
    <telecom>
      <system value="other"/>
      <value value="https://www.childrenshospital.org/chip"/>
    </telecom>
  </contact>
  <copyright value="Used by permission of BCH-CHIP, all rights reserved Creative Commons License"/>
  <packageId value="hl7.fhir.us.patient-reported-outcomes-21cfr11"/>
  <license value="CC0-1.0"/>
  <fhirVersion value="4.0.1"/>
  <dependsOn>
    <uri value="http://hl7.org/fhir/uv/sdc"/>
    <packageId value="hl7.fhir.uv.sdc"/>
    <version value="current"/>
  </dependsOn>
  <dependsOn>
    <uri value="http://hl7.org/fhir/us/core"/>
    <packageId value="hl7.fhir.us.core"/>
    <version value="current"/>
  </dependsOn>
  <definition>
    <resource>
      <extension url="http://hl7.org/fhir/tools/StructureDefinition/resource-information">
        <valueString value="CapabilityStatement"/>
      </extension>
      <extension url="http://hl7.org/fhir/StructureDefinition/implementationguide-page">
        <valueUri value="CapabilityStatement-server.html"/>
      </extension>
      <reference>
        <reference value="CapabilityStatement/server"/>
      </reference>
      <exampleBoolean value="false"/>
    </resource>
    <page>
      <nameUrl value="index.md"/>
      <title value="PRO 21CFR11 Homepage"/>
      <generation value="markdown"/>
    </page>
  </definition>
</ImplementationGuide>